{
  "surrogate": {
    "buck": {
      "quality": 0.5230484572233651,
      "ripple": 3.109206630513072,
      "thd": 1.5821241927146912,
      "quality_std": 0.17477616920975886
    },
    "boost": {
      "quality": 0.702291704416275,
      "ripple": 1.8873883195593952,
      "thd": 0.793686261177063,
      "quality_std": 0.12331914163666012
    },
    "buck_boost": {
      "quality": 0.6735727554332158,
      "ripple": 0.2810258772596717,
      "thd": 1.5792744779586791,
      "quality_std": 0.06594421924764089
    },
    "sepic": {
      "quality": 0.7117372009158135,
      "ripple": 0.4370967750996351,
      "thd": 0.8275280505418777,
      "quality_std": 0.10449570939089811
    },
    "cuk": {
      "quality": 0.18279421992406175,
      "ripple": 17.19529016673565,
      "thd": 2.052869715690613,
      "quality_std": 0.1639932417891932
    },
    "flyback": {
      "quality": 0.44742684935746996,
      "ripple": 2.6373790735006333,
      "thd": 2.7964327698946,
      "quality_std": 0.14622661158254743
    },
    "qr_flyback": {
      "quality": 0.49637788729369636,
      "ripple": 2.8059189277887344,
      "thd": 1.5428631263971329,
      "quality_std": 0.1967962509639648
    }
  },
  "rl_agents": {
    "buck": {
      "status": "loaded",
      "quality": 0.6625060796737671,
      "quality_std": 0.01800417680900336,
      "input_dim": 41,
      "hidden_dim": 256
    },
    "boost": {
      "status": "loaded",
      "quality": 0.7974455428123474,
      "quality_std": 0.0001896982285130107,
      "input_dim": 41,
      "hidden_dim": 512
    },
    "buck_boost": {
      "status": "loaded",
      "quality": 0.6613759565353393,
      "quality_std": 0.0014387170255078538,
      "input_dim": 41,
      "hidden_dim": 256
    },
    "sepic": {
      "status": "loaded",
      "quality": 0.7119838428497315,
      "quality_std": 0.0020900832920284864,
      "input_dim": 41,
      "hidden_dim": 512
    },
    "cuk": {
      "status": "loaded",
      "quality": 0.4264492565393448,
      "quality_std": 0.0022590705482929095,
      "input_dim": 41,
      "hidden_dim": 256
    },
    "flyback": {
      "status": "loaded",
      "quality": 0.44294827818870547,
      "quality_std": 0.0004345037757719242,
      "input_dim": 41,
      "hidden_dim": 512
    },
    "qr_flyback": {
      "status": "loaded",
      "quality": 0.4644729167222977,
      "quality_std": 0.0013481420651539555,
      "input_dim": 41,
      "hidden_dim": 512
    }
  },
  "summary": {
    "avg_surrogate_quality": 0.5338927249376996,
    "working_agents": 7,
    "val_loss": 0.012631
  }
}