{
  "timestamp": "2026-02-07T13:00:46.945026",
  "device": "cpu",
  "total_steps": 11673600,
  "total_time_sec": 298839.9826476574,
  "total_time_str": "83.01 hours",
  "training_results": {
    "flyback": {
      "topology": "flyback",
      "best_reward": -7914046642.116965,
      "best_mse": 80.34582325047496,
      "total_steps": 2457600,
      "training_time_sec": 289140.3154399395,
      "training_time_str": "4819.0 min",
      "spice_validations": 120,
      "spice_calls": 493726
    },
    "qr_flyback": {
      "topology": "qr_flyback",
      "best_reward": -427216469.77380633,
      "best_mse": 195.7474365234375,
      "total_steps": 2867200,
      "training_time_sec": 9494.875675201416,
      "training_time_str": "158.2 min",
      "spice_validations": 140,
      "spice_calls": 0
    }
  },
  "test_results": {
    "flyback": {
      "topology": "flyback",
      "surrogate_mse": 3474.440984325002,
      "surrogate_std": 1369.167576930483,
      "spice_mse": 3474.440984325002,
      "spice_std": 1369.167576930483
    },
    "qr_flyback": {
      "topology": "qr_flyback",
      "surrogate_mse": 376.5339660644531,
      "surrogate_std": 576.1250610351562
    }
  }
}