{
  "timestamp": "2026-02-14T00:10:45.845309",
  "device": "cpu",
  "total_steps": 11673600,
  "total_time_sec": 3931.6151900291443,
  "total_time_str": "1.09 hours",
  "training_results": {
    "buck": {
      "topology": "buck",
      "best_reward": 106.69656404537136,
      "best_mse": 1.3721213340759277,
      "total_steps": 614400,
      "training_time_sec": 3925.7765488624573,
      "training_time_str": "65.4 min",
      "spice_validations": 60,
      "spice_calls": 13239
    }
  },
  "test_results": {
    "buck": {
      "topology": "buck",
      "surrogate_mse": 3.926236152648926,
      "surrogate_std": 1.316854476928711,
      "spice_mse": 3.4340858459472656,
      "spice_std": 1.0114986896514893
    }
  }
}