{"train": [0.3737982090426843, 0.19012321374918284, 0.1672182547660009, 0.16389605494947568, 0.15301447370756976, 0.15054543530530776, 0.14262719079852104, 0.1431893586720291, 0.13963221214138544, 0.13569137178029608, 0.1360239116889745, 0.13683862780571465, 0.13329230107909995, 0.13342122032273154, 0.13197271212151176, 0.13384567095562513, 0.12898143597309164, 0.12920567402352207, 0.12968821012177448, 0.12511060060367651, 0.12694965900197203, 0.12692273736965318, 0.12720924575138187, 0.12577712842025737, 0.126753214988028, 0.12449095927570995, 0.12354399617535142, 0.12320083340531901, 0.12154802426635496, 0.12236932968260789, 0.12043585135084897, 0.12214616627285355, 0.11976430596791299, 0.1228519396833804, 0.12081610239846141, 0.12101132538818155, 0.11958210553355546, 0.12173750569764902, 0.11892225531491674, 0.1202039952853672, 0.11777857039877881, 0.11780129472615748, 0.11754893372777986, 0.11696824226302174, 0.115238278817672, 0.1171467866906934, 0.11639140615699745, 0.11631051040733391, 0.11852986721495386, 0.11451523321179244, 0.11481260366526692, 0.11465758079217996, 0.1140255882189824, 0.11290081067063548, 0.11397532645145408, 0.1129761594932089, 0.11308786109738383, 0.11192233687048016, 0.11188306878151198, 0.11329676793051152, 0.11158743377790036, 0.11364569688434543, 0.1123775871930576, 0.11069719289780146, 0.11140215202321407, 0.11032247197953796, 0.11140563975461582, 0.10943752684091267, 0.11030910761370832, 0.11004579291954214, 0.10899410736162653, 0.10920676251172054, 0.1106494362899649, 0.10782651348333609, 0.10780834702224384, 0.107867914798711, 0.10719333064218282, 0.10688283046337999, 0.1068375948514895, 0.10673674058380277, 0.10759585473671375, 0.10723417612765482, 0.10601149215117882, 0.1063546301563259, 0.1058492466867694, 0.10604621177380867, 0.10522294104069109, 0.1052525471066415, 0.10480431031043592, 0.10540262626310591, 0.10504306416943489, 0.10474954758910274, 0.10493245930128131, 0.10388088998524284, 0.104552179016927, 0.10517727562531769, 0.10537261855204096, 0.10419711032467574, 0.10539593339448998, 0.10359516232708084], "val": [0.21642201260796615, 0.15156139247119427, 0.15795256170843328, 0.1430394984781742, 0.15382354546870505, 0.14645244793168136, 0.14833281269030912, 0.14162341744772025, 0.14121193558509862, 0.13249650038778782, 0.16896346344479493, 0.15287099140030996, 0.1319873479327985, 0.13984120983098233, 0.1341570397572858, 0.13353138962494476, 0.13911396637558937, 0.14996073528059892, 0.14373410706009185, 0.12819364853203297, 0.1466549334249326, 0.1401809218472668, 0.12858175805636815, 0.13517876461680448, 0.12907573873443262, 0.12886837058301484, 0.13060411198862962, 0.13017675732927664, 0.12654074600764684, 0.1256031994042652, 0.1281825780336346, 0.12385489645281009, 0.13329744458730733, 0.14631731688444102, 0.1411138309964112, 0.12086377000170094, 0.13251029513776302, 0.11893878571156945, 0.12149755443845477, 0.12048957044524806, 0.12649729435465165, 0.13062535798443214, 0.13677271668400084, 0.1234717873324241, 0.1226062226508345, 0.12894725879388197, 0.13683849440089293, 0.1239141570404172, 0.11985107431454319, 0.12474207340606622, 0.12730012461543083, 0.12195218966475554, 0.13122066389769316, 0.1253009502376829, 0.12000166584870645, 0.11973463291568416, 0.12276546098291874, 0.12152811605483294, 0.13469850245331014, 0.11694218125194311, 0.12346483314675945, 0.11825729587248393, 0.12045477796345949, 0.11720870235668761, 0.1245998383632728, 0.12410199043474027, 0.12059382495603391, 0.119971953066332, 0.12325518139238868, 0.11751408129930496, 0.12201612216553517, 0.1204602015869958, 0.12139861804566213, 0.12162612085895878, 0.12071114153202091, 0.12521270675850765, 0.1206617605473314, 0.12428286392241716, 0.12678063567727804, 0.12209474109113216, 0.11994032561779022, 0.12053753189476472, 0.12356079695746303, 0.12216570547648839, 0.12994667861078465, 0.1244177074570741, 0.12439140717365912, 0.11996496402259384, 0.12205561503235783, 0.12434737058356404, 0.12326662721378463, 0.12349289589162384, 0.12477760096745831, 0.12354212393984199, 0.12334377225488424, 0.12261495007468122, 0.12276615362082209, 0.1228175678822611, 0.12289065415305751, 0.12288997109447207]}