{"train": [0.03544696913458301, 0.018473855043227357, 0.018405277524761395, 0.01832053232143558, 0.01826048792467863, 0.01805368606530801, 0.017839445450047463, 0.01783348065999588, 0.01772849151414435, 0.01775954756885767, 0.01768405290576519, 0.017648747012072124, 0.017499101154011855, 0.017369165473674994, 0.017171168505651126, 0.017405097416968426, 0.01736569641184468, 0.017169808953453155, 0.017280216712804768, 0.017055619911895404, 0.01712368445921142, 0.01727505561441042, 0.01725900933252409, 0.017190059691102585, 0.017095549579409626, 0.01712945134100897, 0.01700365608249089, 0.01710046511761385, 0.016881384233551285, 0.01707892166229927, 0.017162357902781093, 0.0170317114246965, 0.016923534895748042, 0.01679756492155635, 0.016687751275385725, 0.016982575520979003, 0.016503081370092116, 0.01638658731398989, 0.016456082582438445, 0.01651978637511131, 0.01637309608248314, 0.016700361246216638, 0.016380766532450068, 0.01635222411074486, 0.016310550237153942, 0.016611399060618398, 0.016319819344251783, 0.016239031187095347, 0.016095438221760835, 0.01616280832244039, 0.016163875547489284, 0.016017394350020666, 0.01611530726722561, 0.01621255186337854, 0.015862689349111787, 0.015976926845926526, 0.015964900796694496, 0.01593443431772327, 0.015863281043502393, 0.015914587542344042, 0.01572501003053657, 0.015847637781529065, 0.015844706876282866, 0.015636535462927762, 0.015750790820390832, 0.015740564040027525, 0.015673239944917615, 0.015688996861348926, 0.015602365063318004, 0.01575806617330742, 0.015657928132262276, 0.01560522170552004, 0.01555804187714418, 0.015515151049641636, 0.01563303903522085, 0.01549557357655741, 0.015386492309659296, 0.015468615583934208, 0.015398732430667956, 0.015441761444812702, 0.015397785619889956, 0.015410403979244813, 0.015336375844651631, 0.015375312717887463, 0.015371620072431475, 0.015231835616143394, 0.015306656866806661, 0.015281248899503342, 0.015292645017152997, 0.01521779500804312, 0.015274620025696772, 0.015222107947437684, 0.015233557514616804, 0.01525197014371507, 0.01524272686647366, 0.015207893089325084, 0.015196054216068221, 0.015189297040438907, 0.015201374835453892, 0.015187336339381352], "val": [0.017009990639053285, 0.01765433489345014, 0.017295045351299148, 0.017176850349642336, 0.01695329148788005, 0.016633256260926526, 0.01749593954688559, 0.016557960615803797, 0.0162878514189894, 0.01626563568909963, 0.016283960663713515, 0.01608215889427811, 0.016376985780273873, 0.016064422360310953, 0.016347224009223282, 0.016345473860080045, 0.01603030029218644, 0.015967268574362, 0.016063108380573492, 0.01598299201577902, 0.016058558598160744, 0.015969440379800897, 0.016038539780614276, 0.015898823776903253, 0.015795094581941765, 0.015926553790147107, 0.016095216347215075, 0.015869707024345796, 0.01631438503197084, 0.01588969867831717, 0.016222264578876395, 0.016118631154919665, 0.015827345623013873, 0.015746917226351798, 0.01607178768608719, 0.01569090267488112, 0.016154983003313344, 0.015700399177148938, 0.015634226496331394, 0.01571566848239551, 0.015879837369235855, 0.015981632362430293, 0.017040812138778467, 0.016182169900275767, 0.015636063064448535, 0.01564876874908805, 0.015560698229819536, 0.015578033751808107, 0.01547274699745079, 0.015617451552922526, 0.015569450915791094, 0.015566988149657845, 0.015622931066900492, 0.01546631990155826, 0.015534594965477785, 0.015897923537219565, 0.016181813087314367, 0.01590431873531391, 0.015560362682056924, 0.016254217635529738, 0.015365031004572908, 0.0153126809746027, 0.015450923199144503, 0.015376032756951949, 0.015508478701425096, 0.015769440176275868, 0.015191188897006214, 0.015523617078239718, 0.015488316033345958, 0.016167350656663377, 0.015943632111884654, 0.01571131668364008, 0.015709295092771452, 0.01559262105729431, 0.015161082381382585, 0.015128790633752942, 0.015169030831505856, 0.015505843601810435, 0.01559733545097212, 0.015242729297218224, 0.015505698936370512, 0.01573379380473246, 0.016122899600304663, 0.015208460701008638, 0.01553608946657429, 0.015212297284354767, 0.015231078141368926, 0.015318365573572615, 0.015467225185905894, 0.015288891464782258, 0.015304917508425811, 0.015421502214546004, 0.015363884701703986, 0.015327886561863124, 0.01523344653348128, 0.015294778044335544, 0.015287615358829498, 0.015283014935751757, 0.015278640241983036, 0.015277100300105909]}