{"train": [0.028241893710183954, 0.016465444679594474, 0.01627640803212579, 0.016194952470872565, 0.016108678254159355, 0.016063320559830317, 0.01581611804973319, 0.01564928247529244, 0.015567689432728628, 0.015599486757416715, 0.015515727609365816, 0.015414322579377577, 0.015333675006442225, 0.015261511078485201, 0.015158689537496581, 0.015451844704341189, 0.01520158831399643, 0.015127048940823869, 0.015260142679533616, 0.015377981808820837, 0.015311276210238214, 0.015240568350925137, 0.015056281205387372, 0.01513627651882799, 0.015200820836325285, 0.015051882057959735, 0.015193410339361803, 0.015152517656196166, 0.015048398049963028, 0.015032522731011936, 0.014822698750642509, 0.01491016326547574, 0.014755474501534513, 0.014635632570591653, 0.014599649456182593, 0.01473463065394385, 0.01469145496357006, 0.014538037601994116, 0.014671272266399764, 0.014311234885261126, 0.014688302084109803, 0.01465726750695452, 0.014501695249697216, 0.014502614014499222, 0.014297758006615195, 0.014437669592151637, 0.014340572147762123, 0.014199590964171175, 0.014261668853401414, 0.01419633421255087, 0.0142912257364706, 0.014119055027873651, 0.014287553205407462, 0.014162641957492722, 0.014380643172528941, 0.01410610405426578, 0.014107128034010229, 0.014039230302941462, 0.014115086839598442, 0.014036477424641732, 0.013964272858311049, 0.013928686244119155, 0.014054339164151596, 0.013904745786673264, 0.013926082892109629, 0.013965381703411158, 0.01397237606414477, 0.014010507624732096, 0.013853382287162397, 0.013935727640413322, 0.013836743802148924, 0.013749482523016481, 0.013796933728688763, 0.01381152599667263, 0.013736456440316762, 0.013707839895175536, 0.013689932560450152, 0.013721503273994937, 0.01367296989788471, 0.01364885770757249, 0.013688295312331393, 0.01357076791971017, 0.013663197639454835, 0.013543807186454022, 0.013685930011273637, 0.0135764801791805, 0.013492849320814255, 0.013618645420380932, 0.013518641957342021, 0.013607381062529348, 0.013583488794428255, 0.013539094443957091, 0.013461312158448011, 0.013560770075722987, 0.013916967868397714, 0.01345905853974584, 0.01358805425457566, 0.01345752496536263, 0.013542294208156435, 0.01349645433947444], "val": [0.015039831466440643, 0.015014537310759937, 0.015143396233075432, 0.015704246570489237, 0.015588813162009631, 0.014717004095603312, 0.014236889530106314, 0.01452939772778856, 0.014290349691041879, 0.01427314496998276, 0.014022748551464506, 0.013693466117339475, 0.014086727551849825, 0.013854828580016536, 0.014685618757669414, 0.013918697933799453, 0.013738201931118965, 0.014199482593020158, 0.014079881299819266, 0.014376414873238121, 0.0142083375249058, 0.013751088990829885, 0.014047069707885385, 0.013561058423614927, 0.014091801929420658, 0.013815520381155823, 0.014246890005389494, 0.013881169326071228, 0.013740209729543753, 0.013554054478715574, 0.013827396723042642, 0.01346299035607704, 0.014111145665603024, 0.013738467574252613, 0.01327804387879691, 0.013360592021074678, 0.013677852527637566, 0.013373118160026414, 0.013442380054454719, 0.014342991934557046, 0.013511214455190514, 0.013416505718071545, 0.013414972328713961, 0.013430828993607844, 0.01366654850010361, 0.013506875223746257, 0.01311670835795147, 0.01293782505672425, 0.012999167499531592, 0.01319097780755588, 0.012970732125852789, 0.013333403505384922, 0.01290237988411848, 0.013367326980057572, 0.013199670506375176, 0.012898177922969418, 0.013480598256657166, 0.012926912517286837, 0.012760092853568494, 0.013095146643796138, 0.01291139077927385, 0.012819176922286195, 0.013039990394775356, 0.01283430274842041, 0.013209044051888798, 0.013003124040551484, 0.012866324479026454, 0.012841844033183796, 0.014356679116774882, 0.012864556429641587, 0.012933635452230061, 0.012672957498580217, 0.01285823279925223, 0.012748624497492398, 0.012780233519151807, 0.012675524722518665, 0.012718949017913215, 0.012745457219092973, 0.01276924813698445, 0.012659778835118882, 0.012670482841453381, 0.012898191028008503, 0.012631368773457195, 0.012971938271740717, 0.012712795220847641, 0.012749600057889308, 0.01290913561492094, 0.012906325914497887, 0.01275180363362389, 0.012697574832210583, 0.012722503477042275, 0.012881851688559567, 0.012768337137198873, 0.012737581207017814, 0.012706586442488645, 0.012775122370970036, 0.012758120345616979, 0.01274396849995745, 0.012743016272517187, 0.012744024129850524]}