{
  "timestamp": "2026-02-14T00:10:40.157778",
  "completed": [
    "buck"
  ],
  "results": {
    "buck": {
      "topology": "buck",
      "best_reward": 106.69656404537136,
      "best_mse": 1.3721213340759277,
      "total_steps": 614400,
      "training_time_sec": 3925.7765488624573,
      "training_time_str": "65.4 min",
      "spice_validations": 60,
      "spice_calls": 13239
    }
  }
}