{
  "timestamp": "2026-02-12T17:30:23.847289",
  "completed": [
    "buck_boost"
  ],
  "results": {
    "buck_boost": {
      "topology": "buck_boost",
      "best_reward": -57.553524512688355,
      "best_mse": 4.646387697208075,
      "total_steps": 819200,
      "training_time_sec": 6158.151179075241,
      "training_time_str": "102.6 min",
      "spice_validations": 80,
      "spice_calls": 16334
    }
  }
}