{
  "timestamp": "2026-02-07T12:57:22.193523",
  "completed": [
    "flyback",
    "qr_flyback"
  ],
  "results": {
    "flyback": {
      "topology": "flyback",
      "best_reward": -7914046642.116965,
      "best_mse": 80.34582325047496,
      "total_steps": 2457600,
      "training_time_sec": 289140.3154399395,
      "training_time_str": "4819.0 min",
      "spice_validations": 120,
      "spice_calls": 493726
    },
    "qr_flyback": {
      "topology": "qr_flyback",
      "best_reward": -427216469.77380633,
      "best_mse": 195.7474365234375,
      "total_steps": 2867200,
      "training_time_sec": 9494.875675201416,
      "training_time_str": "158.2 min",
      "spice_validations": 140,
      "spice_calls": 0
    }
  }
}