{
  "timestamp": "2026-01-31T11:14:38.429633",
  "completed": [
    "buck",
    "boost",
    "buck_boost",
    "sepic",
    "cuk"
  ],
  "results": {
    "buck": {
      "topology": "buck",
      "best_reward": -421805995.4814093,
      "best_mse": 12.966310949426052,
      "total_steps": 614400,
      "training_time_sec": 10071.546355009079,
      "training_time_str": "167.9 min",
      "spice_validations": 60,
      "spice_calls": 123900
    },
    "boost": {
      "topology": "boost",
      "best_reward": -8398221768.297427,
      "best_mse": 148.7863303789806,
      "total_steps": 2048000,
      "training_time_sec": 110316.54566907883,
      "training_time_str": "1838.6 min",
      "spice_validations": 100,
      "spice_calls": 411500
    },
    "buck_boost": {
      "topology": "buck_boost",
      "best_reward": -3247832176.1929626,
      "best_mse": 42.97460093950498,
      "total_steps": 819200,
      "training_time_sec": 31979.775608778,
      "training_time_str": "533.0 min",
      "spice_validations": 80,
      "spice_calls": 165200
    },
    "sepic": {
      "topology": "sepic",
      "best_reward": -18292.433270528185,
      "best_mse": 59.578514099121094,
      "total_steps": 2048000,
      "training_time_sec": 100062.30275774002,
      "training_time_str": "1667.7 min",
      "spice_validations": 100,
      "spice_calls": 411498
    },
    "cuk": {
      "topology": "cuk",
      "best_reward": -9352823350.408125,
      "best_mse": 61.08648180677587,
      "total_steps": 819200,
      "training_time_sec": 78677.0055360794,
      "training_time_str": "1311.3 min",
      "spice_validations": 80,
      "spice_calls": 165200
    }
  }
}